Qty,Value,Device,Package,Parts,Description,ARROW_PART_NUMBER,ARROW_PRICE-STOCK,AVAILABILITY,CATEGORY,CHECK_PRICES,DESCRIPTION,HEIGHT,MANUFACTURER,MANUFACTURER_NAME,MANUFACTURER_PART_NUMBER,MAXIMUM_PACKAGE_HEIGHT,MF,MOUSER_PART_NUMBER,MOUSER_PRICE-STOCK,MP,MPN,OPERATING_TEMP,PACKAGE,PARTREV,PART_STATUS,POPULARITY,PRICE,RATING,ROHS_COMPLIANT,SERIES,SIMULATION_DATA,SNAPEDA_LINK,SNAPEDA_PN,STANDARD,SUB-CATEGORY,THERMALLOSS,TOLERANCE,TP_SIGNAL_NAME,TYPE,VOLTAGE_RATING
3,"0.2O 1206",R_CHIP-1206(3216-METRIC),RESC3216X70,"R18, R23, R32","Resistor Fixed - Generic",,,,Resistor,,,,,,,,,,,,,,,,,,,,,,,,,,Fixed,,,,,
1,"0O 1206",R_CHIP-1206(3216-METRIC),RESC3216X70,R27,"Resistor Fixed - Generic",,,,Resistor,,,,,,,,,,,,,,,,,,,,,,,,,,Fixed,,,,,
1,"1.2KO 0603",R_CHIP-0603(1608-METRIC),RESC1608X60,R24,"Resistor Fixed - Generic",,,,Resistor,,,,,,,,,,,,,,,,,,,,,,,,,,Fixed,,,,,
1,"1.5kO 0805",R_CHIP-0805(2012-METRIC),RESC2012X65,R50,"Resistor Fixed - Generic",,,,Resistor,,,,,,,,,,,,,,,,,,,,,,,,,,Fixed,,,,,
4,"100KO 0402",R_CHIP-0402(1005-METRIC),RESC1005X40,"R20, R37, R39, R57","Resistor Fixed - Generic",,,,Resistor,,,,,,,,,,,,,,,,,,,,,,,,,,Fixed,,,,,
1,"100kO 0805",R_CHIP-0805(2012-METRIC),RESC2012X65,R49,"Resistor Fixed - Generic",,,,Resistor,,,,,,,,,,,,,,,,,,,,,,,,,,Fixed,,,,,
3,"100nF 25V 0402",C_CHIP-0402(1005-METRIC),CAPC1005X60,"C35, C44, C48","Capacitor - Generic",,,,Capacitor,,,,,,,,,,,,,,,,,,,,,,,,,,,,,,,
7,"100nF 50V 0805",C_CHIP-0805(2012-METRIC),CAPC2012X110,"C7, C11, C13, C14, C18, C20, C26","Capacitor - Generic",,,,Capacitor,,,,,,,,,,,,,,,,,,,,,,,,,,,,,,,
2,1012,1012,BAT_1012,"BT1, BT2",,,,,,,,,Keystone,,,15.11mm,,,,,,,,C,,,,,,,,,1012,"Manufacturer Recommendations",,,,,,
14,"10KO 0402",R_CHIP-0402(1005-METRIC),RESC1005X40,"R8, R9, R10, R11, R12, R13, R14, R15, R28, R29, R30, R34, R35, R36","Resistor Fixed - Generic",,,,Resistor,,,,,,,,,,,,,,,,,,,,,,,,,,Fixed,,,,,
9,"10uF 25V 0805",C_CHIP-0805(2012-METRIC),CAPC2012X110,"C1, C3, C8, C37, C46, C49, C50, C66, C67","Capacitor - Generic",,,,Capacitor,,,,,,,,,,,,,,,,,,,,,,,,,,,,,,,
5,"10uF 50V 0805",C_CHIP-0805(2012-METRIC),CAPC2012X110,"C10, C12, C17, C55, C64","Capacitor - Generic",,,,Capacitor,,,,,,,,,,,,,,,,,,,,,,,,,,,,,,,
1,"110kO 0805",R_CHIP-0805(2012-METRIC),RESC2012X65,R47,"Resistor Fixed - Generic",,,,Resistor,,,,,,,,,,,,,,,,,,,,,,,,,,Fixed,,,,,
1,"113KO 0402",R_CHIP-0402(1005-METRIC),RESC1005X40,R22,"Resistor Fixed - Generic",,,,Resistor,,,,,,,,,,,,,,,,,,,,,,,,,,Fixed,,,,,
1,"11KO 0402",R_CHIP-0402(1005-METRIC),RESC1005X40,R25,"Resistor Fixed - Generic",,,,Resistor,,,,,,,,,,,,,,,,,,,,,,,,,,Fixed,,,,,
3,"15 uH SWPA5040S150MT",SWPA5040S150MT,INDPM5050X400N,"U$1, U$3, U$5","1uH +/-30% 4.9A 16m SMD,5.0x5.0x4.0mm Power Inductors RoHS",,,,,,"1uH +/-30% 4.9A 16m SMD","5.0x5.0x4.0mm Power Inductors RoHS",4mm,,SUNLORD,SWPA5040S1R0NT,,,,,,,,,,,,,,,,,,,,,,,,
1,"16kO 0805",R_CHIP-0805(2012-METRIC),RESC2012X65,R44,"Resistor Fixed - Generic",,,,Resistor,,,,,,,,,,,,,,,,,,,,,,,,,,Fixed,,,,,
1,"18KO 0402",R_CHIP-0402(1005-METRIC),RESC1005X40,R42,"Resistor Fixed - Generic",,,,Resistor,,,,,,,,,,,,,,,,,,,,,,,,,,Fixed,,,,,
1,"1KO 0402",R_CHIP-0402(1005-METRIC),RESC1005X40,R2,"Resistor Fixed - Generic",,,,Resistor,,,,,,,,,,,,,,,,,,,,,,,,,,Fixed,,,,,
3,"1MO 0805",R_CHIP-0805(2012-METRIC),RESC2012X65,"R17, R19, R31","Resistor Fixed - Generic",,,,Resistor,,,,,,,,,,,,,,,,,,,,,,,,,,Fixed,,,,,
2,"1nF 25V 0402",C_CHIP-0402(1005-METRIC),CAPC1005X60,"C45, C63","Capacitor - Generic",,,,Capacitor,,,,,,,,,,,,,,,,,,,,,,,,,,,,,,,
6,"1uF 25V 0805",C_CHIP-0805(2012-METRIC),CAPC2012X110,"C2, C6, C39, C40, C47, C65","Capacitor - Generic",,,,Capacitor,,,,,,,,,,,,,,,,,,,,,,,,,,,,,,,
2,"1uF 50V 0805",C_CHIP-0805(2012-METRIC),CAPC2012X110,"C19, C22","Capacitor - Generic",,,,Capacitor,,,,,,,,,,,,,,,,,,,,,,,,,,,,,,,
2,"2.2O 1206",R_CHIP-1206(3216-METRIC),RESC3216X70,"R45, R48","Resistor Fixed - Generic",,,,Resistor,,,,,,,,,,,,,,,,,,,,,,,,,,Fixed,,,,,
2,"200kO 0805",R_CHIP-0805(2012-METRIC),RESC2012X65,"R33, R54","Resistor Fixed - Generic",,,,Resistor,,,,,,,,,,,,,,,,,,,,,,,,,,Fixed,,,,,
1,"220nF 50V 0805",C_CHIP-0805(2012-METRIC),CAPC2012X110,C29,"Capacitor - Generic",,,,Capacitor,,,,,,,,,,,,,,,,,,,,,,,,,,,,,,,
1,"22KO 0402",R_CHIP-0402(1005-METRIC),RESC1005X40,R4,"Resistor Fixed - Generic",,,,Resistor,,,,,,,,,,,,,,,,,,,,,,,,,,Fixed,,,,,
12,"22uF 25V 1206",C_CHIP-1206(3216-METRIC),CAPC3216X135,"C30, C31, C32, C33, C34, C41, C42, C43, C51, C52, C53, C54","Capacitor - Generic",,,,Capacitor,,,,,,,,,,,,,,,,,,,,,,,,,,,,,,,
1,"24.9KO 0402",R_CHIP-0402(1005-METRIC),RESC1005X40,R21,"Resistor Fixed - Generic",,,,Resistor,,,,,,,,,,,,,,,,,,,,,,,,,,Fixed,,,,,
1,"2KO 0805",R_CHIP-0805(2012-METRIC),RESC2012X65,R16,"Resistor Fixed - Generic",,,,Resistor,,,,,,,,,,,,,,,,,,,,,,,,,,Fixed,,,,,
1,"2kO 0603",R_CHIP-0603(1608-METRIC),RESC1608X60,R41,"Resistor Fixed - Generic",,,,Resistor,,,,,,,,,,,,,,,,,,,,,,,,,,Fixed,,,,,
1,"3.3pF 10V 0402",C_CHIP-0402(1005-METRIC),CAPC1005X60,C38,"Capacitor - Generic",,,,Capacitor,,,,,,,,,,,,,,,,,,,,,,,,,,,,,,,
1,"3.3uH 1.5A",CUSTOMINDUCTORSSL0420-3R3M,SL0420-3R3M,U$2,,,,,,,,,,,,,,,,,,,,,,,,,,,,,,,,,,,,
1,"3.9KO 0603",R_CHIP-0603(1608-METRIC),RESC1608X60,R40,"Resistor Fixed - Generic",,,,Resistor,,,,,,,,,,,,,,,,,,,,,,,,,,Fixed,,,,,
1,"30KO 0402",R_CHIP-0402(1005-METRIC),RESC1005X40,R7,"Resistor Fixed - Generic",,,,Resistor,,,,,,,,,,,,,,,,,,,,,,,,,,Fixed,,,,,
1,"36KO 0402",R_CHIP-0402(1005-METRIC),RESC1005X40,R26,"Resistor Fixed - Generic",,,,Resistor,,,,,,,,,,,,,,,,,,,,,,,,,,Fixed,,,,,
4,"4.3kO 0805",R_CHIP-0805(2012-METRIC),RESC2012X65,"R46, R51, R52, R53","Resistor Fixed - Generic",,,,Resistor,,,,,,,,,,,,,,,,,,,,,,,,,,Fixed,,,,,
8,"4.7uF 25V 0805",C_CHIP-0805(2012-METRIC),CAPC2012X110,"C4, C5, C9, C15, C16, C27, C36, C56","Capacitor - Generic",,,,Capacitor,,,,,,,,,,,,,,,,,,,,,,,,,,,,,,,
1,"4.7uF 50V 0805",C_CHIP-0805(2012-METRIC),CAPC2012X110,C21,"Capacitor - Generic",,,,Capacitor,,,,,,,,,,,,,,,,,,,,,,,,,,,,,,,
6,"470nF 50V 0805",C_CHIP-0805(2012-METRIC),CAPC2012X110,"C24, C25, C28, C57, C58, C59","Capacitor - Generic",,,,Capacitor,,,,,,,,,,,,,,,,,,,,,,,,,,,,,,,
1,"47KO 0402",R_CHIP-0402(1005-METRIC),RESC1005X40,R3,"Resistor Fixed - Generic",,,,Resistor,,,,,,,,,,,,,,,,,,,,,,,,,,Fixed,,,,,
1,"47nF 50V 0805",C_CHIP-0805(2012-METRIC),CAPC2012X110,C23,"Capacitor - Generic",,,,Capacitor,,,,,,,,,,,,,,,,,,,,,,,,,,,,,,,
1,505110-6091,505110-6091,5051106091,J5,"Easy-On FFC/FPC Connector, 0.50mm Pitch, FD19 Series, Right-Angle, Bottom Contact, 1.90mm Height,  Circuits, Gold over Nickel Plating",,,,,,"Easy-On FFC/FPC Connector"," 0.50mm Pitch"," FD19 Series"," Right-Angle"," Bottom Contact"," 1.90mm Height","  Circuits"," Gold over Nickel Plating",2.1mm,,Molex,505110-6091,,,538-505110-6091,https://www.mouser.co.uk/ProductDetail/Molex/505110-6091?qs=fSIr1QPo%2F%2FQRD6rm5ZTYDw%3D%3D,,,,,,,,,,,,,,
1,"560KO 0402",R_CHIP-0402(1005-METRIC),RESC1005X40,R38,"Resistor Fixed - Generic",,,,Resistor,,,,,,,,,,,,,,,,,,,,,,,,,,Fixed,,,,,
1,"75kO 0603",R_CHIP-0603(1608-METRIC),RESC1608X60,R43,"Resistor Fixed - Generic",,,,Resistor,,,,,,,,,,,,,,,,,,,,,,,,,,Fixed,,,,,
2,"820KO 0402",R_CHIP-0402(1005-METRIC),RESC1005X40,"R5, R6","Resistor Fixed - Generic",,,,Resistor,,,,,,,,,,,,,,,,,,,,,,,,,,Fixed,,,,,
1,B7B-PH-SM4-TB_LF__SN_,B7B-PH-SM4-TB_LF__SN_,B7BPHSM4TBLFSN,J2,"JST PH Series 2 mm Pitch 7 Position SMT Single Row Top Entry Shrouded Header",,,,,,"JST PH Series 2 mm Pitch 7 Position SMT Single Row Top Entry Shrouded Header",6.6mm,,"JST (JAPAN SOLDERLESS TERMINALS)",B7B-PH-SM4-TB(LF)(SN),,,306-B7BPHSM4TBLFSN,https://www.mouser.co.uk/ProductDetail/JST-Commercial/B7B-PH-SM4-TBLFSN?qs=dbcCsuKDzFUgZwsE63VugA%3D%3D,,,,,,,,,,,,,,,,,,,,,
3,BAT54S,BAT54S,SOT95P240X120-3N,"D8, D9, D11","Obsolete - Schottky Barrier Diode",BAT54S,https://www.arrow.com/en/products/bat54s/on-semiconductor,,,,"Obsolete - Schottky Barrier Diode",1.2mm,,onsemi,BAT54S,,,512-BAT54S,https://www.mouser.co.uk/ProductDetail/onsemi-Fairchild/BAT54S?qs=WjC1ij5gCHN3lvcpF9iNwQ%3D%3D,,,,,,,,,,,,,,,,,,,,,
1,BLM18PG221SH1D,BLM18PG221SH1D,BLM18SP221SN1B,FB2,"Murata Power Solutions Ferrite Bead (Chip Bead), 1.6 x 0.8 x 0.8mm (1608), 220 impedance at 100 MHz",BLM18PG221SH1D,https://www.arrow.com/en/products/blm18pg221sh1d/murata-manufacturing?utm_currency=USD&region=europe,,,,"Murata Power Solutions Ferrite Bead (Chip Bead)"," 1.6 x 0.8 x 0.8mm (1608)"," 220 impedance at 100 MHz",0.95mm,,"Murata Electronics",BLM18PG221SH1D,,,81-BLM18PG221SH1D,https://www.mouser.co.uk/ProductDetail/Murata-Electronics/BLM18PG221SH1D?qs=%2F%252BYoplLUB5jh6aLSaRqm2A%3D%3D,,,,,,,,,,,,,,,,,,,
1,BQ25172DSGR,BQ25172DSGR,SON50P200X200X80-9N,IC4,"Battery Management 0.8-A, one- to six-cell NiMH stand-alone linear charger in a QFN package",BQ25172DSGR,https://www.arrow.com/en/products/bq25172dsgr/texas-instruments?region=nac,,,,"Battery Management 0.8-A"," one- to six-cell NiMH stand-alone linear charger in a QFN package",0.8mm,,"Texas Instruments",BQ25172DSGR,,,595-BQ25172DSGR,https://www.mouser.co.uk/ProductDetail/Texas-Instruments/BQ25172DSGR?qs=tlsG%2FOw5FFgckLJXIVn4PA%3D%3D,,,,,,,,,,,,,,,,,,,,
1,BSS138,BSS138,SOT95P240X120-3N,Q4,"Compact industry standard SOT-23 surface mount package.; 0.22 A, 50 V. RDS(ON) = 3.5  @ VGS = 10 V. RDS(ON) = 6.0  @ VGS = 4.5 V; Rugged and Reliable.; High density cell design for extremely low RDS(ON).",BSS138,https://www.arrow.com/en/products/bss138/on-semiconductor?utm_currency=USD&region=europe,,,,"Compact industry standard SOT-23 surface mount package.; 0.22 A"," 50 V. RDS(ON) = 3.5  @ VGS = 10 V. RDS(ON) = 6.0  @ VGS = 4.5 V; Rugged and Reliable.; High density cell design for extremely low RDS(ON).",1.2mm,,onsemi,BSS138,,,512-BSS138,https://www.mouser.co.uk/ProductDetail/onsemi-Fairchild/BSS138?qs=HK%252BeIG1iaahCeqBvjB4arg%3D%3D,,,,,,,,,,,,,,,,,,,,
1,CP2102N-A02-GQFN28R,CP2102N-A02-GQFN28R,QFN50P500X500X80-29N,IC2,"USB Interface IC USB to UART bridge - QFN28",CP2102N-A02-GQFN28R,https://www.arrow.com/en/products/cp2102n-a02-gqfn28r/silicon-labs?utm_currency=USD&region=nac,,,,"USB Interface IC USB to UART bridge - QFN28",0.8mm,,"Silicon Labs",CP2102N-A02-GQFN28R,,,634-CP2102NA02QFN28R,https://www.mouser.co.uk/ProductDetail/Silicon-Labs/CP2102N-A02-GQFN28R?qs=u16ybLDytRag4qKvSH3fTw%3D%3D,,,,,,,,,,,,,,,,,,,,,
2,CUS08F30,CUS08F30,CUS357H3F,"D4, D13","30 V/0.8 A Schottky Barrier Diode, SOD-323(USC)",,,,,,"30 V/0.8 A Schottky Barrier Diode"," SOD-323(USC)",1.15mm,,Toshiba,CUS08F30,,,N/A,https://www.mouser.co.uk/ProductDetail/Toshiba/CUS08F30?qs=spvbAvdhj5k4Gr60FuQGvg%3D%3D,,,,,,,,,,,,https://toshiba.semicon-storage.com/info/lookup.jsp?pid=CUS08F30#documents,,,,,,,,
1,DFE252012F-1R0M=P2,DFE252012F-1R0M=P2,DFE2HCAH1R0MJ0L,L1,"DFE252012F Series Inductor 1.0uH +/-20% 1008 (2520)",DFE252012F-1R0M=P2,https://www.arrow.com/en/products/dfe252012f-1r0mp2/murata-manufacturing.html?utm_currency=USD&region=europe,,,,"DFE252012F Series Inductor 1.0uH +/-20% 1008 (2520)",1.2mm,,"Murata Electronics",DFE252012F-1R0M=P2,,,81-DFE252012F-1R0MP2,https://www.mouser.co.uk/ProductDetail/Murata-Electronics/DFE252012F-1R0M%3dP2?qs=ty6qhqyUUEtPvXJAIo0Pnw%3D%3D,,,,,,,,,,,,,,,,,,,,,
2,DMN3065LW-7,DMN3065LW-7,SOT65P210X110-3N,"Q5, Q8","Diodes Inc DMN3065LW-7 N-channel MOSFET Transistor, 4 A, 30 V, 3-Pin SOT-323",DMN3065LW-7,https://www.arrow.com/en/products/dmn3065lw-7/diodes-incorporated?utm_currency=USD&region=europe,,,,"Diodes Inc DMN3065LW-7 N-channel MOSFET Transistor"," 4 A"," 30 V"," 3-Pin SOT-323",1.1mm,,"Diodes Incorporated",DMN3065LW-7,,,621-DMN3065LW7,https://www.mouser.co.uk/ProductDetail/Diodes-Incorporated/DMN3065LW-7?qs=JtunSoW0QGGjls1HwhS7gQ%3D%3D,,,,,,,,,,,,,,,,,,
1,DMP2035U,DMP2035U,SOT96P240X115-3N,IC5,"MOSFET, P CH, ESD,-20V,-3.6A, SOT23",,,,,,MOSFET," P CH"," ESD",-20V,-3.6A," SOT23",1.15mm,,"Diodes Incorporated",DMP2035U,,,N/A,https://www.mouser.co.uk/ProductDetail/Diodes-Incorporated/DMP2035U?qs=Wj%2FVkw3K%252BMDmKO9IPsKBeQ%3D%3D,,,,,,,,,,,,,,,,
1,DMP3056L-7,DMP3056L-7,SOT96P240X110-3N,Q6,"MOSFET 30V P-Ch Enh Mode 50mOhm -10Vgs -4.3A",DMP3056L-7,https://www.arrow.com/en/products/dmp3056l-7/diodes-incorporated?region=nac,,,,"MOSFET 30V P-Ch Enh Mode 50mOhm -10Vgs -4.3A",1.1mm,,"Diodes Incorporated",DMP3056L-7,,,621-DMP3056L-7,https://www.mouser.co.uk/ProductDetail/Diodes-Incorporated/DMP3056L-7?qs=OVC8WVYZliQTX9kMWW%252B96Q%3D%3D,,,,,,,,,,,,,,,,,,,,,
2,DMP3068L-7,DMP3068L-7,SOT96P240X115-3N,"Q1, Q2","MOSFET 30V P-Ch Enh Mode 72mOhm -10V -3.9A",DMP3068L-7,https://www.arrow.com/en/products/dmp3068l-7/diodes-incorporated?utm_currency=USD&region=nac,,,,"MOSFET 30V P-Ch Enh Mode 72mOhm -10V -3.9A",1.15mm,,"Diodes Incorporated",DMP3068L-7,,,621-DMP3068L-7,https://www.mouser.co.uk/ProductDetail/Diodes-Incorporated/DMP3068L-7?qs=BvpHGKeVh3rIffE3x2yGSw%3D%3D,,,,,,,,,,,,,,,,,,,,,
1,ESP32-C6-MINI-1-N4,ESP32-C6-MINI-1-N4,XCVR_ESP32-C6-MINI-1-N4,U1,"Check availability",,,"In Stock",,https://www.snapeda.com/parts/ESP32-C6-MINI-1-N4/Espressif+Systems/view-part/?ref=eda,"                                                      802.15.4"," Bluetooth"," WiFi 802.11ax"," Bluetooth v5.0"," Zigbee® Transceiver Module 2.4GHz Antenna Not Included Surface Mount                                              ",,,,,,"Espressif Systems",,,ESP32-C6-MINI-1-N4,,,"SMD-53 Espressif Systems",,,,None,,,,,https://www.snapeda.com/parts/ESP32-C6-MINI-1-N4/Espressif+Systems/view-part/?ref=snap,,,,
1,FUSB303TMX,FUSB303TMX,X2QFN12,U2,"Check availability",,,"In Stock",,https://www.snapeda.com/parts/FUSB303TMX/Onsemi/view-part/?ref=eda,"                                                      USB Controller  I²C Interface 12-X2QFN (1.6x1.6)                                              ",,,,,,"ON Semiconductor",,,FUSB303TMX,,,"X2QFN-12 ON Semiconductor",,,,None,,,,,https://www.snapeda.com/parts/FUSB303TMX/Onsemi/view-part/?ref=snap,,,,,,,,
1,KPTD-3216SGC,KPTD-3216SGC,KPTD3216SGC,LED1,"LED super bright green 568nm;105mW;water clear;3.2x1.6mm;SMT;reel",KPTD-3216SGC,https://www.arrow.com/en/products/kptd-3216sgc/kingbright,,,,"LED super bright green 568nm;105mW;water clear;3.2x1.6mm;SMT;reel",2mm,,Kingbright,KPTD-3216SGC,,,N/A,https://www.mouser.co.uk/ProductDetail/Kingbright/KPTD-3216SGC?qs=2JU0tDl2GZ1fMmK056gkww%3D%3D,,,,,,,,,,,,,,,,,,,,,
1,KXTJ3-1057,KXTJ3-1057,KIONIX_KXTJ3-1057,U4,"Check availability",,,"In Stock",,https://www.snapeda.com/parts/KXTJ3-1057/Kionix/view-part/?ref=eda,"                                                      KXTJ3-1057 series Accelerometer"," 3 Axis Sensor Evaluation Board                                              ",,,,,,"Kionix Inc.",,,KXTJ3-1057,,,"LGA-12 Rohm",,,,None,,,,,https://www.snapeda.com/parts/KXTJ3-1057/Kionix/view-part/?ref=snap,,,,,,,
3,LESD5D5.0CT1G,LESD5D5.0CT1G,LESD5D50CT1G,"D1, D2, D3","Transient Voltage Suppressors for ESD Protection",,,,,,"Transient Voltage Suppressors for ESD Protection",0.7mm,,LRC,LESD5D5.0CT1G,,,,,,,,,,,,,,,,,,,,,,,,,
1,MBR0530,MBR0530,SOD3716X135N,D6,"Compact Surface Mount Package with The Same Footprint as Mini-melf; Schottky Rectifier, 0.5A, 30V in SOD-123 Package",MBR0530,https://www.arrow.com/en/products/mbr0530/on-semiconductor?region=nac,,,,"Compact Surface Mount Package with The Same Footprint as Mini-melf; Schottky Rectifier"," 0.5A"," 30V in SOD-123 Package",1.35mm,,onsemi,MBR0530,,,512-MBR0530,https://www.mouser.co.uk/ProductDetail/onsemi-Fairchild/MBR0530?qs=VOMQJJE%252BBNniwJKcE3T43Q%3D%3D,,,,,,,,,,,,,,,,,,,
2,MBR230S1F-7,MBR230S1F-7,SODFL3518X115N,"D5, D7","Diodes Inc MBR230S1F-7, SMT Schottky Barrier Diode, 30V 2A, 2-Pin SOD123F",MBR230S1F-7,https://www.arrow.com/en/products/mbr230s1f-7/diodes-incorporated?region=nac,,,,"Diodes Inc MBR230S1F-7"," SMT Schottky Barrier Diode"," 30V 2A"," 2-Pin SOD123F",1.15mm,,"Diodes Incorporated",MBR230S1F-7,,,621-MBR230S1F-7,https://www.mouser.co.uk/ProductDetail/Diodes-Incorporated/MBR230S1F-7?qs=5V6w%252Be2aIqaf4rGxjeeHeQ%3D%3D,,,,,,,,,,,,,,,,,,
1,MKDV1GCL-AB,MKDV1GCL-AB,SON127P800X600X80-8N,IC9,"Embedded SD Flash",,,,,,"Embedded SD Flash",0.8mm,,MK,MKDV1GCL-AB,,,,,,,,,,,,,,,,,,,,,,,,,
1,MMBT3904,MMBT3904,SOT95P230X110-3N,Q7,"200 MA, NPN, SI, SMALL SIGNAL TRANSISTOR",,,,,,"200 MA"," NPN"," SI"," SMALL SIGNAL TRANSISTOR",1.1mm,,NXP,MMBT3904,,,,,,,,,,,,,,,,,,,,,,
1,MMBT3906,MMBT3906,SOT95P230X110-3N,Q10,"TRANSISTOR,BJT,PNP,40V V(BR)CEO,200MA I(C),SOT-23 65 +150 C ,100 mA,40 V",,,,,,TRANSISTOR,BJT,PNP,"40V V(BR)CEO","200MA I(C)","SOT-23 65 +150 C ","100 mA","40 V",1.1mm,,NXP,MMBT3906,,,N/A,https://www.mouser.co.uk/ProductDetail/NXP-Semiconductors/MMBT3906?qs=55YtniHzbhA96dkd8h4s7Q%3D%3D,,,,,,,,,,,,,,
1,MT9700,MT9700,SOT95P280X135-5N,IC8,ic,,,,,,ic,1.35mm,,Aerosemi,MT9700,,,,,,,,,,,,,,,,,,,,,,,,,
33,NC,JUMPER-SMT_2_NC_TRACE_NO-SILK,SMT-JUMPER_2_NC_TRACE_NO-SILK,"JP1, JP2, JP3, JP4, JP5, JP6, JP7, JP8, JP9, JP10, JP13, JP14, JP15, JP16, JP17, JP18, JP19, JP20, JP21, JP22, JP23, JP24, JP25, JP26, JP27, JP28, JP29, JP30, JP31, JP32, JP33, JP34, JP35","Normally closed trace jumper",,,,,,,,,,,,,,,,,,,,,,,,,,,,,,,,,,,
1,NC,JUMPER-SMT_2_NO_NO-SILK,SMT-JUMPER_2_NO_NO-SILK,JP12,"Normally open jumper",,,,,,,,,,,,,,,,,,,,,,,,,,,,,,,,,,,
1,NC,R_CHIP-0402(1005-METRIC),RESC1005X40,R1,"Resistor Fixed - Generic",,,,Resistor,,,,,,,,,,,,,,,,,,,,,,,,,,Fixed,,,,,
1,PMEG2010AEH,PMEG2010AEH,SODFL3516X120N,D10,"Diode Schottky 20V 1A,PMEG2010AEH NXP PMEG2010AEH Schottky Diode, 1A, 20V, 2-Pin SOD123F",,,,,,"Diode Schottky 20V 1A","PMEG2010AEH NXP PMEG2010AEH Schottky Diode"," 1A"," 20V"," 2-Pin SOD123F",1.2mm,,Nexperia,PMEG2010AEH,,,N/A,https://www.mouser.co.uk/ProductDetail/Nexperia/PMEG2010AEH?qs=vHuUswq2%252BswpSqP6MnpTMw%3D%3D,,,,,,,,,,,,,,,,,
1,S2B-PH-K-S,S2B-PH-K-S,S2BPHKS,J3,"CONN HEADER R/A 2POS 2MM",,,,,,"CONN HEADER R/A 2POS 2MM",4.8mm,,"JST (JAPAN SOLDERLESS TERMINALS)",S2B-PH-K-S,,,,,,,,,,,,,,,,,,,,,,,,,
1,SS34,SS34,DIOM5327X244N,D12,"SMD Schottky Diode",,,,,,"SMD Schottky Diode",2.438mm,,KEXIN,SS34,,,,,,,,,,,,,,,,,,,,,,,,,
2,TAJB107K006RNJ,TAJB107K006RNJ,CAPPM3528X210N,"C60, C61","AVX 100",TAJB107K006RNJ,https://www.arrow.com/en/products/tajb107k006rnj/avx?utm_currency=USD&region=nac,,,,"AVX 100",2.1mm,,"Kyocera AVX",TAJB107K006RNJ,,,581-TAJB107K006R,https://www.mouser.co.uk/ProductDetail/KYOCERA-AVX/TAJB107K006RNJ?qs=fdqkYiOtZpcsxthKdBMg8Q%3D%3D,,,,,,,,,,,,,,,,,,,,,
1,TCN75AVOA713,TCN75AVOA713,SOIC127P600X175-8N,IC7,"Board Mount Temperature Sensors 2-Wire SER Temp Sens/Ther Mon",TCN75AVOA713,https://www.arrow.com/en/products/tcn75avoa713/microchip-technology?region=nac,,,,"Board Mount Temperature Sensors 2-Wire SER Temp Sens/Ther Mon",1.75mm,,Microchip,TCN75AVOA713,,,579-TCN75AVOA713,https://www.mouser.co.uk/ProductDetail/Microchip-Technology/TCN75AVOA713?qs=RnzODY3cU8sRlIM3UB0rCw%3D%3D,,,,,,,,,,,,,,,,,,,,,
1,TLJB227M006R0500,TLJB227M006R0500,CAPPM3528X210N,C62,"Tantalum Capacitors - Solid SMD 6.3V 220uF 20% ESR=500",TLJB227M006R0500,https://www.arrow.com/en/products/tljb227m006r0500/avx?utm_currency=USD&region=nac,,,,"Tantalum Capacitors - Solid SMD 6.3V 220uF 20% ESR=500",2.1mm,,"Kyocera AVX",TLJB227M006R0500,,,581-TLJB227M006R0500,https://www.mouser.co.uk/ProductDetail/KYOCERA-AVX/TLJB227M006R0500?qs=o28%2FEEzBmj050XjtnkgQxA%3D%3D,,,,,,,,,,,,,,,,,,,,,
2,"TPB1,27","TPB1,27","B1,27","TP3, TP4","Test pad",,,,,,,,,,,,,,,,,,,,,19,,,,,,,,,,,,,,
1,TPS61085DGKR,TPS61085DGKR,SOP65P490X110-8N,IC6,"18.5V, 2A, 650kHz / 1.2MHz Step-Up DC-DC Converter w/ Forced PWM Mode",TPS61085DGKR,https://www.arrow.com/en/products/tps61085dgkr/texas-instruments?region=europe,,,,18.5V," 2A"," 650kHz / 1.2MHz Step-Up DC-DC Converter w/ Forced PWM Mode",1.1mm,,"Texas Instruments",TPS61085DGKR,,,595-TPS61085DGKR,https://www.mouser.co.uk/ProductDetail/Texas-Instruments/TPS61085DGKR?qs=59Rn2Bt6jP0PB7IUu7UPlw%3D%3D,,,,,,,,,,,,,,,,,,,
1,TPS62902RPJR,TPS62902RPJR,TPS62902RPJR,IC3,"Switching Voltage Regulators 3-V to 17-V, 2-A, high-efficiency and low IQ buck converter 1.5-mm 2-mm QFN package",,,,,,"Switching Voltage Regulators 3-V to 17-V"," 2-A"," high-efficiency and low IQ buck converter 1.5-mm 2-mm QFN package",1mm,,"Texas Instruments",TPS62902RPJR,,,595-TPS62902RPJR,https://www.mouser.co.uk/ProductDetail/Texas-Instruments/TPS62902RPJR?qs=DRkmTr78QATzfMsnYOTzCQ%3D%3D,,,,,,,,,,,,,,,,,,,
1,TS-1088-AR02016,TS-1088-AR02016,TS1088AR02016,S1,"Tact Switch",,,,,,"Tact Switch",2mm,,XUNPU,TS-1088-AR02016,,,,,,,,,,,,,,,,,,,,,,,,,
1,"TS-1103S-C-U (C318914)",TS-1103S-C-U,TS1103SCU,S3,"tact switch 12x12X14 patch cylindrical black knob 260GF stainless steel shrapnel",,,,,,"tact switch 12x12X14 patch cylindrical black knob 260GF stainless steel shrapnel",7mm,,"XKB Connectivity",TS-1103S-C-U,,,,,,,,,,,,,,,,,,,,,,,,,
1,U263-241N-4BQC02,U263-241N-4BQC02,U263241N4BQC02,J1,"3.1TYPE-C connector female 24P upright",,,,,,"3.1TYPE-C connector female 24P upright",6.8mm,,"XKB Connectivity",U263-241N-4BQC02,,,,,,,,,,,,,,,,,,,,,,,,,
1,W25Q128JVSIQ,W25Q128JVSIQ,SOIC127P790X216-8N,IC1,"128M-bit Serial Flash Memory with uniform 4KB sectors and Dual/Quad SPI",W25Q128JVSIQ,https://www.arrow.com/en/products/w25q128jvsiq/winbond-electronics?utm_currency=USD&region=nac,,,,"128M-bit Serial Flash Memory with uniform 4KB sectors and Dual/Quad SPI",2.16mm,,Winbond,W25Q128JVSIQ,,,454-W25Q128JVSIQ,https://www.mouser.co.uk/ProductDetail/Winbond/W25Q128JVSIQ?qs=qSfuJ%252Bfl%2Fd6tLXvPR4fl9w%3D%3D,,,,,,,,,,,,,,,,,,,,,
