BT1,168.00,234.00,180.00,1012,BAT_1012
BT2,168.00,265.00,0.00,1012,BAT_1012
C1,95.00,273.40,270.00,"10uF 25V 0805",CAPC2012X110
C10,178.90,43.00,90.00,"10uF 50V 0805",CAPC2012X110
C11,181.00,43.00,90.00,"100nF 50V 0805",CAPC2012X110
C12,139.00,43.00,90.00,"10uF 50V 0805",CAPC2012X110
C13,142.00,43.00,90.00,"100nF 50V 0805",CAPC2012X110
C14,151.00,43.00,90.00,"100nF 50V 0805",CAPC2012X110
C15,183.50,31.00,270.00,"4.7uF 25V 0805",CAPC2012X110
C16,187.90,31.00,270.00,"4.7uF 25V 0805",CAPC2012X110
C17,184.00,43.07,90.00,"10uF 50V 0805",CAPC2012X110
C18,187.00,38.00,270.00,"100nF 50V 0805",CAPC2012X110
C19,154.00,43.00,90.00,"1uF 50V 0805",CAPC2012X110
C2,97.60,276.20,0.00,"1uF 25V 0805",CAPC2012X110
C20,130.00,43.00,270.00,"100nF 50V 0805",CAPC2012X110
C21,127.00,43.00,270.00,"4.7uF 50V 0805",CAPC2012X110
C22,145.10,47.50,90.00,"1uF 50V 0805",CAPC2012X110
C23,159.80,47.80,90.00,"47nF 50V 0805",CAPC2012X110
C24,151.60,52.20,270.00,"470nF 50V 0805",CAPC2012X110
C25,148.90,52.20,90.00,"470nF 50V 0805",CAPC2012X110
C26,136.00,43.00,270.00,"100nF 50V 0805",CAPC2012X110
C27,132.00,43.00,270.00,"4.7uF 25V 0805",CAPC2012X110
C28,168.00,51.00,180.00,"470nF 50V 0805",CAPC2012X110
C29,161.90,47.80,90.00,"220nF 50V 0805",CAPC2012X110
C3,45.60,282.20,270.00,"10uF 25V 0805",CAPC2012X110
C30,141.00,35.00,270.00,"22uF 25V 1206",CAPC3216X135
C31,162.00,35.00,270.00,"22uF 25V 1206",CAPC3216X135
C32,159.40,35.00,270.00,"22uF 25V 1206",CAPC3216X135
C33,168.00,35.00,270.00,"22uF 25V 1206",CAPC3216X135
C34,165.00,35.00,270.00,"22uF 25V 1206",CAPC3216X135
C35,29.10,282.70,180.00,"100nF 25V 0402",CAPC1005X60
C36,46.40,266.60,90.00,"4.7uF 25V 0805",CAPC2012X110
C37,52.60,273.60,0.00,"10uF 25V 0805",CAPC2012X110
C38,51.00,279.50,0.00,"3.3pF 10V 0402",CAPC1005X60
C39,42.70,258.20,90.00,"1uF 25V 0805",CAPC2012X110
C4,43.50,278.90,90.00,"4.7uF 25V 0805",CAPC2012X110
C40,46.30,262.00,90.00,"1uF 25V 0805",CAPC2012X110
C41,150.00,35.00,270.00,"22uF 25V 1206",CAPC3216X135
C42,147.00,35.00,270.00,"22uF 25V 1206",CAPC3216X135
C43,138.00,35.00,270.00,"22uF 25V 1206",CAPC3216X135
C44,64.82,264.90,180.00,"100nF 25V 0402",CAPC1005X60
C45,50.30,245.70,0.00,"1nF 25V 0402",CAPC1005X60
C46,45.00,244.00,0.00,"10uF 25V 0805",CAPC2012X110
C47,45.00,246.00,0.00,"1uF 25V 0805",CAPC2012X110
C48,50.30,244.70,0.00,"100nF 25V 0402",CAPC1005X60
C49,45.00,254.00,0.00,"10uF 25V 0805",CAPC2012X110
C5,43.50,282.20,270.00,"4.7uF 25V 0805",CAPC2012X110
C50,45.00,252.00,0.00,"10uF 25V 0805",CAPC2012X110
C51,135.00,35.00,270.00,"22uF 25V 1206",CAPC3216X135
C52,155.50,35.00,270.00,"22uF 25V 1206",CAPC3216X135
C53,153.00,35.00,270.00,"22uF 25V 1206",CAPC3216X135
C54,144.00,35.00,270.00,"22uF 25V 1206",CAPC3216X135
C55,175.60,43.00,270.00,"10uF 50V 0805",CAPC2012X110
C56,145.00,43.00,270.00,"4.7uF 25V 0805",CAPC2012X110
C57,147.90,43.00,270.00,"470nF 50V 0805",CAPC2012X110
C58,180.20,26.40,180.00,"470nF 50V 0805",CAPC2012X110
C59,163.50,43.00,270.00,"470nF 50V 0805",CAPC2012X110
C6,66.30,277.70,180.00,"1uF 25V 0805",CAPC2012X110
C60,199.00,37.50,90.00,TAJB107K006RNJ,CAPPM3528X210N
C61,172.90,54.50,180.00,TAJB107K006RNJ,CAPPM3528X210N
C62,103.60,262.90,270.00,TLJB227M006R0500,CAPPM3528X210N
C63,51.60,260.90,270.00,"1nF 25V 0402",CAPC1005X60
C64,100.20,256.20,90.00,"10uF 50V 0805",CAPC2012X110
C65,69.00,248.90,0.00,"1uF 25V 0805",CAPC2012X110
C66,47.30,271.70,180.00,"10uF 25V 0805",CAPC2012X110
C67,47.30,273.60,180.00,"10uF 25V 0805",CAPC2012X110
C7,66.30,279.70,0.00,"100nF 50V 0805",CAPC2012X110
C8,66.30,281.60,0.00,"10uF 25V 0805",CAPC2012X110
C9,181.00,31.00,270.00,"4.7uF 25V 0805",CAPC2012X110
D1,38.10,265.10,180.00,LESD5D5.0CT1G,LESD5D50CT1G
D10,41.40,251.60,270.00,PMEG2010AEH,SODFL3516X120N
D11,165.00,48.00,90.00,BAT54S,SOT95P240X120-3N
D12,50.60,282.64,180.00,SS34,DIOM5327X244N
D13,50.40,269.15,270.00,CUS08F30,CUS357H3F
D2,41.10,265.10,0.00,LESD5D5.0CT1G,LESD5D50CT1G
D3,45.80,278.90,270.00,LESD5D5.0CT1G,LESD5D50CT1G
D4,52.30,266.60,180.00,CUS08F30,CUS357H3F
D5,193.80,24.40,270.00,MBR230S1F-7,SODFL3518X115N
D6,137.00,49.00,270.00,MBR0530,SOD3716X135N
D7,189.70,37.40,270.00,MBR230S1F-7,SODFL3518X115N
D8,145.10,51.50,90.00,BAT54S,SOT95P240X120-3N
D9,150.30,48.30,180.00,BAT54S,SOT95P240X120-3N
FB2,103.60,255.50,180.00,BLM18PG221SH1D,BLM18SP221SN1B
IC1,75.40,259.60,0.00,W25Q128JVSIQ,SOIC127P790X216-8N
IC2,91.70,278.70,90.00,CP2102N-A02-GQFN28R,QFN50P500X500X80-29N
IC3,50.66,277.09,0.00,TPS62902RPJR,TPS62902RPJR
IC4,44.20,261.70,90.00,BQ25172DSGR,SON50P200X200X80-9N
IC5,54.10,248.40,270.00,DMP2035U,SOT96P240X115-3N
IC6,46.00,249.00,180.00,TPS61085DGKR,SOP65P490X110-8N
IC7,123.70,32.00,270.00,TCN75AVOA713,SOIC127P600X175-8N
IC8,96.00,257.00,90.00,MT9700,SOT95P280X135-5N
IC9,69.00,244.00,0.00,MKDV1GCL-AB,SON127P800X600X80-8N
J1,40.39,271.71,90.00,U263-241N-4BQC02,U263241N4BQC02
J2,113.44,268.78,90.00,B7B-PH-SM4-TB_LF__SN_,B7BPHSM4TBLFSN
J3,214.50,236.50,270.00,S2B-PH-K-S,S2BPHKS
J5,156.20,26.35,0.00,505110-6091,5051106091
JP1,86.30,280.33,0.00,NC,SMT-JUMPER_2_NC_TRACE_NO-SILK
JP10,76.90,246.80,180.00,NC,SMT-JUMPER_2_NC_TRACE_NO-SILK
JP12,58.40,278.70,0.00,NC,SMT-JUMPER_2_NO_NO-SILK
JP13,59.00,261.70,0.00,NC,SMT-JUMPER_2_NC_TRACE_NO-SILK
JP14,59.00,263.30,0.00,NC,SMT-JUMPER_2_NC_TRACE_NO-SILK
JP15,40.67,256.93,90.00,NC,SMT-JUMPER_2_NC_TRACE_NO-SILK
JP16,199.00,45.20,90.00,NC,SMT-JUMPER_2_NC_TRACE_NO-SILK
JP17,200.62,45.20,90.00,NC,SMT-JUMPER_2_NC_TRACE_NO-SILK
JP18,208.73,45.20,90.00,NC,SMT-JUMPER_2_NC_TRACE_NO-SILK
JP19,202.24,45.20,90.00,NC,SMT-JUMPER_2_NC_TRACE_NO-SILK
JP2,86.30,278.60,0.00,NC,SMT-JUMPER_2_NC_TRACE_NO-SILK
JP20,203.87,45.20,90.00,NC,SMT-JUMPER_2_NC_TRACE_NO-SILK
JP21,205.49,45.20,90.00,NC,SMT-JUMPER_2_NC_TRACE_NO-SILK
JP22,74.60,265.30,90.00,NC,SMT-JUMPER_2_NC_TRACE_NO-SILK
JP23,72.90,265.30,90.00,NC,SMT-JUMPER_2_NC_TRACE_NO-SILK
JP24,76.40,265.30,90.00,NC,SMT-JUMPER_2_NC_TRACE_NO-SILK
JP25,78.20,265.30,90.00,NC,SMT-JUMPER_2_NC_TRACE_NO-SILK
JP26,64.98,270.40,90.00,NC,SMT-JUMPER_2_NC_TRACE_NO-SILK
JP27,63.46,270.40,90.00,NC,SMT-JUMPER_2_NC_TRACE_NO-SILK
JP28,61.93,270.40,90.00,NC,SMT-JUMPER_2_NC_TRACE_NO-SILK
JP29,59.00,260.10,0.00,NC,SMT-JUMPER_2_NC_TRACE_NO-SILK
JP3,65.90,275.70,180.00,NC,SMT-JUMPER_2_NC_TRACE_NO-SILK
JP30,59.00,258.50,180.00,NC,SMT-JUMPER_2_NC_TRACE_NO-SILK
JP31,76.90,245.10,180.00,NC,SMT-JUMPER_2_NC_TRACE_NO-SILK
JP32,76.90,243.40,0.00,NC,SMT-JUMPER_2_NC_TRACE_NO-SILK
JP33,76.90,241.70,0.00,NC,SMT-JUMPER_2_NC_TRACE_NO-SILK
JP34,62.70,245.90,0.00,NC,SMT-JUMPER_2_NC_TRACE_NO-SILK
JP35,62.70,244.20,180.00,NC,SMT-JUMPER_2_NC_TRACE_NO-SILK
JP4,58.40,280.30,0.00,NC,SMT-JUMPER_2_NC_TRACE_NO-SILK
JP5,58.40,281.92,0.00,NC,SMT-JUMPER_2_NC_TRACE_NO-SILK
JP6,182.90,52.30,180.00,NC,SMT-JUMPER_2_NC_TRACE_NO-SILK
JP7,177.30,54.50,0.00,NC,SMT-JUMPER_2_NC_TRACE_NO-SILK
JP8,207.11,45.20,90.00,NC,SMT-JUMPER_2_NC_TRACE_NO-SILK
JP9,99.40,260.10,0.00,NC,SMT-JUMPER_2_NC_TRACE_NO-SILK
L1,48.19,276.62,270.00,DFE252012F-1R0M=P2,DFE2HCAH1R0MJ0L
LED1,28.62,258.40,180.00,KPTD-3216SGC,KPTD3216SGC
Q1,183.80,25.87,90.00,DMP3068L-7,SOT96P240X115-3N
Q10,181.00,38.00,180.00,MMBT3906,SOT95P230X110-3N
Q2,191.00,44.00,90.00,DMP3068L-7,SOT96P240X115-3N
Q4,49.20,262.10,90.00,BSS138,SOT95P240X120-3N
Q5,179.00,48.00,90.00,DMN3065LW-7,SOT65P210X110-3N
Q6,53.50,270.50,90.00,DMP3056L-7,SOT96P240X110-3N
Q7,156.14,47.91,90.00,MMBT3904,SOT95P230X110-3N
Q8,172.00,46.64,90.00,DMN3065LW-7,SOT65P210X110-3N
R1,96.90,278.80,0.00,NC,RESC1005X40
R10,38.20,278.50,270.00,"10KΩ 0402",RESC1005X40
R11,66.60,266.90,90.00,"10KΩ 0402",RESC1005X40
R12,38.30,282.60,270.00,"10KΩ 0402",RESC1005X40
R13,79.10,271.15,90.00,"10KΩ 0402",RESC1005X40
R14,80.10,271.16,90.00,"10KΩ 0402",RESC1005X40
R15,48.60,267.00,90.00,"10KΩ 0402",RESC1005X40
R16,172.70,42.93,180.00,"2KΩ 0805",RESC2012X65
R17,178.00,31.00,270.00,"1MΩ 0805",RESC2012X65
R18,193.20,30.50,270.00,"0.2Ω 1206",RESC3216X70
R19,190.00,31.00,270.00,"1MΩ 0805",RESC2012X65
R2,96.90,277.70,0.00,"1KΩ 0402",RESC1005X40
R20,53.90,251.60,180.00,"100KΩ 0402",RESC1005X40
R21,51.00,280.50,180.00,"24.9KΩ 0402",RESC1005X40
R22,49.20,280.50,180.00,"113KΩ 0402",RESC1005X40
R23,196.40,30.50,270.00,"0.2Ω 1206",RESC3216X70
R24,44.50,257.50,90.00,"1.2KΩ 0603",RESC1608X60
R25,43.20,264.60,270.00,"11KΩ 0402",RESC1005X40
R26,44.10,264.60,270.00,"36KΩ 0402",RESC1005X40
R27,140.90,47.20,0.00,"0Ω 1206",RESC3216X70
R28,42.20,261.00,270.00,"10KΩ 0402",RESC1005X40
R29,45.00,264.60,270.00,"10KΩ 0402",RESC1005X40
R3,97.70,274.80,180.00,"47KΩ 0402",RESC1005X40
R30,67.80,259.80,0.00,"10KΩ 0402",RESC1005X40
R31,171.00,35.00,90.00,"1MΩ 0805",RESC2012X65
R32,174.00,35.00,90.00,"0.2Ω 1206",RESC3216X70
R33,160.50,39.80,270.00,"200kΩ 0805",RESC2012X65
R34,69.50,259.50,90.00,"10KΩ 0402",RESC1005X40
R35,81.80,260.70,270.00,"10KΩ 0402",RESC1005X40
R36,51.60,263.40,90.00,"10KΩ 0402",RESC1005X40
R37,98.50,255.60,270.00,"100KΩ 0402",RESC1005X40
R38,49.50,264.80,0.00,"560KΩ 0402",RESC1005X40
R39,48.10,258.70,270.00,"100KΩ 0402",RESC1005X40
R4,97.70,273.80,180.00,"22KΩ 0402",RESC1005X40
R40,96.40,253.40,180.00,"3.9KΩ 0603",RESC1608X60
R41,61.00,250.00,270.00,"2kΩ 0603",RESC1608X60
R42,51.30,248.70,0.00,"18KΩ 0402",RESC1005X40
R43,51.20,250.80,270.00,"75kΩ 0603",RESC1608X60
R44,157.00,43.00,90.00,"16kΩ 0805",RESC2012X65
R45,156.20,51.50,0.00,"2.2Ω 1206",RESC3216X70
R46,167.10,43.00,90.00,"4.3kΩ 0805",RESC2012X65
R47,169.00,43.00,90.00,"110kΩ 0805",RESC2012X65
R48,173.00,51.00,180.00,"2.2Ω 1206",RESC3216X70
R49,184.00,38.00,270.00,"100kΩ 0805",RESC2012X65
R5,41.50,282.50,180.00,"820KΩ 0402",RESC1005X40
R50,175.60,47.50,90.00,"1.5kΩ 0805",RESC2012X65
R51,127.00,39.00,270.00,"4.3kΩ 0805",RESC2012X65
R52,125.00,39.00,270.00,"4.3kΩ 0805",RESC2012X65
R53,123.00,39.00,270.00,"4.3kΩ 0805",RESC2012X65
R54,160.50,43.00,270.00,"200kΩ 0805",RESC2012X65
R57,64.60,248.60,270.00,"100KΩ 0402",RESC1005X40
R6,42.00,278.70,270.00,"820KΩ 0402",RESC1005X40
R7,48.20,246.20,90.00,"30KΩ 0402",RESC1005X40
R8,67.60,275.50,270.00,"10KΩ 0402",RESC1005X40
R9,67.50,266.90,90.00,"10KΩ 0402",RESC1005X40
S1,28.50,253.60,180.00,TS-1088-AR02016,TS1088AR02016
S3,28.58,271.88,90.00,"TS-1103S-C-U (C318914)",TS1103SCU
TP3,91.62,272.00,0.00,"TPB1,27","B1,27"
TP4,90.40,273.30,0.00,"TPB1,27","B1,27"
U$1,189.10,24.30,90.00,"15 uH SWPA5040S150MT",INDPM5050X400N
U$2,39.20,246.80,90.00,"3.3uH 1.5A",SL0420-3R3M
U$3,184.00,48.20,90.00,"15 uH SWPA5040S150MT",INDPM5050X400N
U$5,194.20,37.75,270.00,"15 uH SWPA5040S150MT",INDPM5050X400N
U1,76.30,278.60,0.00,ESP32-C6-MINI-1-N4,XCVR_ESP32-C6-MINI-1-N4
U2,39.44,280.53,90.00,FUSB303TMX,X2QFN12
U4,63.30,267.20,270.00,KXTJ3-1057,KIONIX_KXTJ3-1057
